id,name,email,phone_number,address
2759,Kellia Kamali,kellia.kamali@example.com,+19352470616,Gasabo
2760,Blaise Keza,blaise.keza@example.com,+11132090721,Musanze
2761,Audrey Cyiza,audrey.cyiza@example.com,+12269038523,Rwamagana
2762,Celia Uwineza,celia.uwineza@example.com,+19752052626,Kicukiro
2763,Blaise Keza,blaise.keza@example.com,+19424070831,Kicukiro
2764,Celia Umutoni,celia.umutoni@example.com,+15567752006,Rwamagana
2765,Celia Uwineza,celia.uwineza@example.com,+17666582842,Musanze
2766,Latifah Ganza,latifah.ganza@example.com,+14710376255,Kicukiro
2767,Honorine Umutoni,honorine.umutoni@example.com,+12837393193,Kicukiro
2768,Latifah Cyiza,latifah.cyiza@example.com,+16350601053,Gasabo
2769,Regis Umutoni,regis.umutoni@example.com,+14003151476,Ruhengeri
2770,Regis Umutoni,regis.umutoni@example.com,+17885575252,Ruhengeri
2771,Kellia Cyiza,kellia.cyiza@example.com,+11821684558,Nyarugenge
2772,Rita Cyiza,rita.cyiza@example.com,+17877725256,Kicukiro
2773,Honorine Keza,honorine.keza@example.com,+14818070118,Nyagatare
2774,Rita Kamali,rita.kamali@example.com,+19527411703,Musanze
2775,Celia Kaze,celia.kaze@example.com,+12167989030,Nyagatare
2776,Blaise Cyiza,blaise.cyiza@example.com,+11304512680,Musanze
2777,Regis Kamali,regis.kamali@example.com,+19788474343,Musanze
2778,Latifah Ganza,latifah.ganza@example.com,+19504591747,Nyagatare
2779,Blaise Kamali,blaise.kamali@example.com,+16754321468,Nyagatare
2780,Latifah Umutoni,latifah.umutoni@example.com,+19247740910,Nyagatare
2781,Joanna Umutoni,joanna.umutoni@example.com,+18677270617,Gasabo
2782,Blaise Umutoni,blaise.umutoni@example.com,+19154384610,Nyabihu
2783,Blaise Tito,blaise.tito@example.com,+11706110081,Nyabihu
2784,Joella Kamali,joella.kamali@example.com,+19414892884,Ruhengeri
2785,Rita Tito,rita.tito@example.com,+11336779304,Nyagatare
2786,Honorine Kamana,honorine.kamana@example.com,+17095844217,Rwamagana
2787,Kellia Ganza,kellia.ganza@example.com,+15942128588,Rwamagana
2788,Audrey Kamali,audrey.kamali@example.com,+12727953988,Nyabihu
2789,Joella Tito,joella.tito@example.com,+17407979027,Ruhengeri
2790,Blaise Keza,blaise.keza@example.com,+17109135993,Nyarugenge
2791,Blaise Ganza,blaise.ganza@example.com,+19446645294,Gasabo
2792,Latifah Kamana,latifah.kamana@example.com,+17440371563,Musanze
2793,Rita Keza,rita.keza@example.com,+16179273464,Nyabihu
2794,Latifah Umutoni,latifah.umutoni@example.com,+18312670552,Rwamagana
2795,Celia Umutoni,celia.umutoni@example.com,+19855340992,Kicukiro
2796,Kellia Kamana,kellia.kamana@example.com,+16438884929,Ruhengeri
2797,Regis Ganza,regis.ganza@example.com,+16836517001,Nyabihu
2798,Joanna Umutoni,joanna.umutoni@example.com,+15706621106,Musanze
2799,Regis Kamana,regis.kamana@example.com,+17445285084,Musanze
2800,Audrey Tito,audrey.tito@example.com,+17689012912,Ruhengeri
2801,Joanna Kaze,joanna.kaze@example.com,+18631651785,Kicukiro
2802,Joella Cyiza,joella.cyiza@example.com,+15096852713,Nyabihu
2803,Rita Kamana,rita.kamana@example.com,+19667906096,Rwamagana
2804,Celia Ganza,celia.ganza@example.com,+11283202191,Gasabo
2805,Latifah Keza,latifah.keza@example.com,+15729291199,Ruhengeri
2806,Regis Kamali,regis.kamali@example.com,+15824744247,Ruhengeri
2807,Joanna Cyiza,joanna.cyiza@example.com,+17411849620,Kicukiro
2808,Latifah Shema,latifah.shema@example.com,+16384042031,Gasabo
