id,name,email,phone_number,address
2709,Rita Uwineza,rita.uwineza@example.com,+19135541432,Kicukiro
2710,Blaise Kamali,blaise.kamali@example.com,+12555968585,Ruhengeri
2711,Celia Kamali,celia.kamali@example.com,+17776405680,Musanze
2712,Blaise Tito,blaise.tito@example.com,+12422898730,Musanze
2713,Honorine Kaze,honorine.kaze@example.com,+16025117876,Musanze
2714,Kellia Ganza,kellia.ganza@example.com,+12494018579,Gasabo
2715,Joanna Ganza,joanna.ganza@example.com,+14713606235,Gasabo
2716,Rita Ganza,rita.ganza@example.com,+14424752951,Nyarugenge
2717,Rita Umutoni,rita.umutoni@example.com,+12165387048,Musanze
2718,Joella Uwineza,joella.uwineza@example.com,+13201837785,Nyarugenge
2719,Rita Tito,rita.tito@example.com,+17860994630,Nyagatare
2720,Regis Shema,regis.shema@example.com,+16482401393,Rwamagana
2721,Audrey Umutoni,audrey.umutoni@example.com,+14343292719,Nyagatare
2722,Celia Kaze,celia.kaze@example.com,+15619313930,Nyarugenge
2723,Audrey Umutoni,audrey.umutoni@example.com,+17106825007,Rwamagana
2724,Honorine Keza,honorine.keza@example.com,+15737414359,Nyabihu
2725,Kellia Tito,kellia.tito@example.com,+11981540364,Nyagatare
2726,Blaise Keza,blaise.keza@example.com,+13782425576,Nyabihu
2727,Joella Umutoni,joella.umutoni@example.com,+13604839079,Ruhengeri
2728,Honorine Kamana,honorine.kamana@example.com,+16266564549,Kicukiro
2729,Joanna Ganza,joanna.ganza@example.com,+14822995663,Gasabo
2730,Rita Shema,rita.shema@example.com,+12965280432,Nyabihu
2731,Rita Kaze,rita.kaze@example.com,+18778985839,Musanze
2732,Audrey Umutoni,audrey.umutoni@example.com,+16505993487,Ruhengeri
2733,Audrey Kaze,audrey.kaze@example.com,+14358600643,Gasabo
2734,Joella Cyiza,joella.cyiza@example.com,+17558142792,Rwamagana
2735,Celia Tito,celia.tito@example.com,+13696082266,Musanze
2736,Celia Umutoni,celia.umutoni@example.com,+16022252679,Ruhengeri
2737,Regis Kamana,regis.kamana@example.com,+11113822497,Nyagatare
2738,Honorine Kamali,honorine.kamali@example.com,+11866831041,Nyabihu
2739,Latifah Ganza,latifah.ganza@example.com,+17123938437,Ruhengeri
2740,Audrey Ganza,audrey.ganza@example.com,+15662203652,Ruhengeri
2741,Latifah Cyiza,latifah.cyiza@example.com,+16948294159,Gasabo
2742,Kellia Uwineza,kellia.uwineza@example.com,+15186858394,Musanze
2743,Audrey Kaze,audrey.kaze@example.com,+16587587563,Nyagatare
2744,Honorine Tito,honorine.tito@example.com,+18980896899,Rwamagana
2745,Joanna Kaze,joanna.kaze@example.com,+17137400892,Gasabo
2746,Joanna Shema,joanna.shema@example.com,+18894052042,Kicukiro
2747,Rita Cyiza,rita.cyiza@example.com,+16611997469,Nyabihu
2748,Latifah Ganza,latifah.ganza@example.com,+17993225933,Ruhengeri
2749,Kellia Kamali,kellia.kamali@example.com,+11220182517,Kicukiro
2750,Latifah Kamali,latifah.kamali@example.com,+13857820866,Nyagatare
2751,Rita Kamali,rita.kamali@example.com,+12225966288,Nyabihu
2752,Honorine Uwineza,honorine.uwineza@example.com,+18139885319,Gasabo
2753,Blaise Ganza,blaise.ganza@example.com,+15902924022,Musanze
2754,Regis Shema,regis.shema@example.com,+13000525658,Kicukiro
2755,Joanna Tito,joanna.tito@example.com,+12094886077,Nyagatare
2756,Joanna Tito,joanna.tito@example.com,+19911506290,Nyagatare
2757,Honorine Shema,honorine.shema@example.com,+13657843761,Nyarugenge
2758,Joella Ganza,joella.ganza@example.com,+12852329876,Nyagatare
