name,email
Rita Uwineza,rita.uwineza@example.com
Blaise Kamali,blaise.kamali@example.com
Celia Kamali,celia.kamali@example.com
Blaise Tito,blaise.tito@example.com
Honorine Kaze,honorine.kaze@example.com
Kellia Ganza,kellia.ganza@example.com
Joanna Ganza,joanna.ganza@example.com
Rita Ganza,rita.ganza@example.com
Rita Umutoni,rita.umutoni@example.com
Joella Uwineza,joella.uwineza@example.com
Rita Tito,rita.tito@example.com
Regis Shema,regis.shema@example.com
Audrey Umutoni,audrey.umutoni@example.com
Celia Kaze,celia.kaze@example.com
Audrey Umutoni,audrey.umutoni@example.com
Honorine Keza,honorine.keza@example.com
Kellia Tito,kellia.tito@example.com
Blaise Keza,blaise.keza@example.com
Joella Umutoni,joella.umutoni@example.com
Honorine Kamana,honorine.kamana@example.com
Joanna Ganza,joanna.ganza@example.com
Rita Shema,rita.shema@example.com
Rita Kaze,rita.kaze@example.com
Audrey Umutoni,audrey.umutoni@example.com
Audrey Kaze,audrey.kaze@example.com
Joella Cyiza,joella.cyiza@example.com
Celia Tito,celia.tito@example.com
Celia Umutoni,celia.umutoni@example.com
Regis Kamana,regis.kamana@example.com
Honorine Kamali,honorine.kamali@example.com
Latifah Ganza,latifah.ganza@example.com
Audrey Ganza,audrey.ganza@example.com
Latifah Cyiza,latifah.cyiza@example.com
Kellia Uwineza,kellia.uwineza@example.com
Audrey Kaze,audrey.kaze@example.com
Honorine Tito,honorine.tito@example.com
Joanna Kaze,joanna.kaze@example.com
Joanna Shema,joanna.shema@example.com
Rita Cyiza,rita.cyiza@example.com
Latifah Ganza,latifah.ganza@example.com
Kellia Kamali,kellia.kamali@example.com
Latifah Kamali,latifah.kamali@example.com
Rita Kamali,rita.kamali@example.com
Honorine Uwineza,honorine.uwineza@example.com
Blaise Ganza,blaise.ganza@example.com
Regis Shema,regis.shema@example.com
Joanna Tito,joanna.tito@example.com
Joanna Tito,joanna.tito@example.com
Honorine Shema,honorine.shema@example.com
Joella Ganza,joella.ganza@example.com
