name,email,phone_number,address
Rita Uwineza,rita.uwineza@example.com,19352470616,Gasabo
Blaise Kamali,blaise.kamali@example.com,11132090721,Musanze
Celia Kamali,celia.kamali@example.com,12269038523,Rwamagana
Blaise Tito,blaise.tito@example.com,19752052626,Kicukiro
Honorine Kaze,honorine.kaze@example.com,19424070831,Kicukiro
Kellia Ganza,kellia.ganza@example.com,15567752006,Rwamagana
Joanna Ganza,joanna.ganza@example.com,17666582842,Musanze
Rita Ganza,rita.ganza@example.com,14710376255,Kicukiro
Rita Umutoni,rita.umutoni@example.com,12837393193,Kicukiro
Joella Uwineza,joella.uwineza@example.com,16350601053,Gasabo
Rita Tito,rita.tito@example.com,14003151476,Ruhengeri
Regis Shema,regis.shema@example.com,17885575252,Ruhengeri
Audrey Umutoni,audrey.umutoni@example.com,11821684558,Nyarugenge
Celia Kaze,celia.kaze@example.com,17877725256,Kicukiro
Audrey Umutoni,audrey.umutoni@example.com,14818070118,Nyagatare
Honorine Keza,honorine.keza@example.com,19527411703,Musanze
Kellia Tito,kellia.tito@example.com,12167989030,Nyagatare
Blaise Keza,blaise.keza@example.com,11304512680,Musanze
Joella Umutoni,joella.umutoni@example.com,19788474343,Musanze
Honorine Kamana,honorine.kamana@example.com,19504591747,Nyagatare
Joanna Ganza,joanna.ganza@example.com,16754321468,Nyagatare
Rita Shema,rita.shema@example.com,19247740910,Nyagatare
Rita Kaze,rita.kaze@example.com,18677270617,Gasabo
Audrey Umutoni,audrey.umutoni@example.com,19154384610,Nyabihu
Audrey Kaze,audrey.kaze@example.com,11706110081,Nyabihu
Joella Cyiza,joella.cyiza@example.com,19414892884,Ruhengeri
Celia Tito,celia.tito@example.com,11336779304,Nyagatare
Celia Umutoni,celia.umutoni@example.com,17095844217,Rwamagana
Regis Kamana,regis.kamana@example.com,15942128588,Rwamagana
Honorine Kamali,honorine.kamali@example.com,12727953988,Nyabihu
Latifah Ganza,latifah.ganza@example.com,17407979027,Ruhengeri
Audrey Ganza,audrey.ganza@example.com,17109135993,Nyarugenge
Latifah Cyiza,latifah.cyiza@example.com,19446645294,Gasabo
Kellia Uwineza,kellia.uwineza@example.com,17440371563,Musanze
Audrey Kaze,audrey.kaze@example.com,16179273464,Nyabihu
Honorine Tito,honorine.tito@example.com,18312670552,Rwamagana
Joanna Kaze,joanna.kaze@example.com,19855340992,Kicukiro
Joanna Shema,joanna.shema@example.com,16438884929,Ruhengeri
Rita Cyiza,rita.cyiza@example.com,16836517001,Nyabihu
Latifah Ganza,latifah.ganza@example.com,15706621106,Musanze
Kellia Kamali,kellia.kamali@example.com,17445285084,Musanze
Latifah Kamali,latifah.kamali@example.com,17689012912,Ruhengeri
Rita Kamali,rita.kamali@example.com,18631651785,Kicukiro
Honorine Uwineza,honorine.uwineza@example.com,15096852713,Nyabihu
Blaise Ganza,blaise.ganza@example.com,19667906096,Rwamagana
Regis Shema,regis.shema@example.com,11283202191,Gasabo
Joanna Tito,joanna.tito@example.com,15729291199,Ruhengeri
Joanna Tito,joanna.tito@example.com,15824744247,Ruhengeri
Honorine Shema,honorine.shema@example.com,17411849620,Kicukiro
Joella Ganza,joella.ganza@example.com,16384042031,Gasabo
